{
  "entries": [
    {
      // 🔷 TRIO CASE: Proband with Mother and Father
      "sampleSerialNumber": "Proband001",
      "SubjectId": "Proband001",
      "snvVcf": "path/to/proband.snv.vcf",
      "svVcf": "path/to/proband.sv.vcf",
      "cnvVcf": "path/to/proband.cnv.vcf",
      "ProtocolId": "RG_TRIO",
      "genomeBuild": "hg38",
      "Phenotypes": "HP:0001250,HP:0004322",
      "patientGender": "F",
      "AssociatedSamples": [
        {
          "Relation": "Mother",
          "SampleId": "Mother001",
          "snvVcf": "path/to/mother.snv.vcf",
          "svVcf": "path/to/mother.sv.vcf",
          "cnvVcf": "path/to/mother.cnv.vcf",
          "Affected": "Unaffected"
        },
        {
          "Relation": "Father",
          "SampleId": "Father001",
          "snvVcf": "path/to/father.snv.vcf",
          "svVcf": "path/to/father.sv.vcf",
          "cnvVcf": "path/to/father.cnv.vcf",
          "Affected": "Unaffected"
        }
      ]
    },
    {
      // 🔹 SINGLETON CASE: No Associated Samples
      "sampleSerialNumber": "Sample001",
      "SubjectId": "Sample001",
      "snvVcf": "path/to/sample001.snv.vcf",
      "svVcf": "path/to/sample001.sv.vcf",
      "cnvVcf": "path/to/sample001.cnv.vcf",
      "ProtocolId": "RG_SNV_SV",
      "genomeBuild": "hg38",
      "Phenotypes": "HP:0000189,HP:0000219",
      "patientGender": "M"
    }
  ]
}

