{
  "entries": [
    {
      "sampleSerialNumber": "Proband1",
      "SubjectId": "Proband1",
      "snvVcf": "path/to/Proband1.vcf",
      "svVcf": "path/to/Proband1.sv.vcf",
      "cnvVcf": "path/to/Proband1.cnv.vcf",   // optional
      "ProtocolId": "RG_TRIO",
      "genomeBuild": "hg38",
      "patientGender": "M",
      "Phenotypes": "HP:0000189,HP:0000219",
      "AssociatedSamples": [
        {
          "Relation": "Mother",
          "SampleId": "Mom.vcf",
          "snvVcf": "path/to/Mom.vcf",
          "svVcf": "path/to/Mom.sv.vcf",  // optional
          "Affected": "Unaffected"
        },
        {
          "Relation": "Father",
          "SampleId": "Dad.vcf",
          "snvVcf": "path/to/Dad.vcf",
          "svVcf": "path/to/Dad.sv.vcf",  // optional
          "Affected": "Unaffected"
        }
      ]
    }
  ]
}