{
  "entries": [
    {
      "sampleSerialNumber": "singleprobanda",
      "SubjectId": "singleprobanda",
      "snvVcf": "C:/Users/eliws/OneDrive/Desktop/Geneyx/GeneyxAnalysis/Customers/inflection/Samples/Singleton/SingleProbanda_snv_edited.vcf",
      "cnvVcf": "C:/Users/eliws/OneDrive/Desktop/Geneyx/GeneyxAnalysis/Customers/inflection/Samples/Singleton/SingleProbanda.cnv.vcf",
      "ProtocolId": "AutoReport",
      "kitId": "Exons and modifiers",
      "genomeBuild": "hg38"
    },
    {
      "sampleSerialNumber": "proband_edited",
      "SubjectId": "proband_edited",
      "snvVcf": "C:/Users/eliws/OneDrive/Desktop/Geneyx/GeneyxAnalysis/Customers/inflection/Samples/Trio/Edited/Proband_edited.snv.vcf",
      "cnvVcf": "C:/Users/eliws/OneDrive/Desktop/Geneyx/GeneyxAnalysis/Customers/inflection/Samples/Trio/Edited/Proband_edited.cnv.vcf",
      "ProtocolId": "RG_TRIO",
      "kitId": "Exons and modifiers",
      "genomeBuild": "hg38",
      "AssociatedSamples": [
        {
          "Relation": "Mother",
          "SampleId": "mother_edited",
          "snvVcf": "C:/Users/eliws/OneDrive/Desktop/Geneyx/GeneyxAnalysis/Customers/inflection/Samples/Trio/Edited/Mother_edited.snv.vcf",
          "svVcf": NaN,
          "cnvVcf": "C:/Users/eliws/OneDrive/Desktop/Geneyx/GeneyxAnalysis/Customers/inflection/Samples/Trio/Edited/Mother_edited.cnv.vcf",
          "repeatVcf": NaN,
          "Affected": "Unaffected"
        },
        {
          "Relation": "Father",
          "SampleId": "father_edited",
          "snvVcf": "C:/Users/eliws/OneDrive/Desktop/Geneyx/GeneyxAnalysis/Customers/inflection/Samples/Trio/Edited/Father_edited.snv.vcf",
          "svVcf": NaN,
          "cnvVcf": "C:/Users/eliws/OneDrive/Desktop/Geneyx/GeneyxAnalysis/Customers/inflection/Samples/Trio/Edited/Father_edited.cnv.vcf",
          "repeatVcf": NaN,
          "Affected": "Unaffected"
        }
      ]
    }
  ]
}