[
  {
    "Ref": "ACT",
    "Alt": "A",
    "Gene": "BRCA1",
    "Trid": "NM_007294.4",
    "Chr": "17",
    "Pos": 41276044,
    "Zyg": "HET",
    "Relevance": 1,
    "Pathogenic": 5,
    "Tags": [
      "De novo"
    ],
    "Phenos": "\"breast cancer\" \"Inguinal hernia\"",
    "AdvancedPheno": false,
    "Note": "Requires Validation"
  },
    {
    "Ref": "G",
    "Alt": "A",
    "OMIM": [
      "235200$Hemochromatosis, type 1"
    ],
    "Gene": "HFE",
    "Trid": "NM_000410.4",
    "Chr": "6",
    "Pos": 26093141,
    "Zyg": "HET",
    "Relevance": 1,
    "Pathogenic": 4,
    "Validation": 0,
    "AdvancedPheno": false
  }
  ]