{
    "samples": [
        {
            "snvVcf": "C:/Users/eliws/OneDrive/Desktop/Geneyx/GeneyxAnalysis/wgs/SNV/CHCM-CLINSVCS-CSCFCA-INC3CD-R21AD326-D1L_snv.vcf.gz",
            "svVcf": "C:/Users/eliws/OneDrive/Desktop/Geneyx/GeneyxAnalysis/wgs/SNV/CHCM-CLINSVCS-CSCFCA-INC3CD-R21AD326-D1L_unified.vcf.gz",
            "genomeBuild": "hg38",
            "patientId": "CHCM-CLINSVCS-CSCFCA-INC3CD-R21AD326-D1L",
            "patientGender": "M",
			"bamUrl": "bamURL$$baiURL",
			"methylationUrl": "metURL$$metURL"
        },
        {
            "snvVcf": "C:/Users/eliws/OneDrive/Desktop/Geneyx/GeneyxAnalysis/Customers/SNV/CHCM-CLINSVCS-CSCFCA-INDDA6-R21AD327-D1L_snv.vcf.gz",
            "svVcf": "C:/Users/eliws/OneDrive/Desktop/Geneyx/GeneyxAnalysis/Customers/wgs/SNV/CHCM-CLINSVCS-CSCFCA-INDDA6-R21AD327-D1L_unified.vcf.gz",
            "genomeBuild": "hg38",
            "patientGender": "F",
			"bamUrl": "bamURL$$baiURL",
			"methylationUrl": "metURL$$metURL"
        }
    ]
}