{
    "samples": [
        {
            "snvVcf": "C:/Users/eliws/OneDrive/Desktop/Geneyx/GeneyxAnalysis/Customers/Radys/wgs/SNV/CHCM-CLINSVCS-CSCFCA-INC3CD-R21AD326-D1L_snv.vcf.gz",
            "svVcf": "C:/Users/eliws/OneDrive/Desktop/Geneyx/GeneyxAnalysis/Customers/Radys/wgs/SNV/CHCM-CLINSVCS-CSCFCA-INC3CD-R21AD326-D1L_cnv.vcf.gz",
            "genomeBuild": "hg38",
            "patientId": "CHCM-CLINSVCS-CSCFCA-INC3CD-R21AD326-D1L",
            "SampleTarget": "Exome"
        },
        {
            "snvVcf": "C:/Users/eliws/OneDrive/Desktop/Geneyx/GeneyxAnalysis/Customers/Radys/wgs/SNV/CHCM-CLINSVCS-CSCFCA-INDDA6-R21AD327-D1L_snv.vcf.gz",
            "svVcf": "C:/Users/eliws/OneDrive/Desktop/Geneyx/GeneyxAnalysis/Customers/Radys/wgs/SNV/CHCM-CLINSVCS-CSCFCA-INDDA6-R21AD327-D1L_cnv.vcf.gz",
            "genomeBuild": "hg38",
            "patientId": "CHCM-CLINSVCS-CSCFCA-INDDA6-R21AD327-D1L",
            "SampleTarget": "Exome"
        }
    ]
}